,Adj Close,Adj Close,Adj Close,Close,Close,Close,High,High,High,Low,Low,Low,Open,Open,Open,Volume,Volume,Volume
,ITUB3.SA,PETR4.SA,^BVSP,ITUB3.SA,PETR4.SA,^BVSP,ITUB3.SA,PETR4.SA,^BVSP,ITUB3.SA,PETR4.SA,^BVSP,ITUB3.SA,PETR4.SA,^BVSP,ITUB3.SA,PETR4.SA,^BVSP
Date,,,,,,,,,,,,,,,,,,
2022-01-03,17.706390380859375,13.173102378845215,103922.0,19.3799991607666,29.09000015258789,103922.0,19.68000030517578,29.219999313354492,106125.0,19.040000915527344,28.530000686645508,103413.0,19.290000915527344,28.540000915527344,104823.0,1289800,52704700,11128500
2022-01-04,18.09925651550293,13.222912788391113,103514.0,19.809999465942383,29.200000762939453,103514.0,19.850000381469727,29.399999618530273,104276.0,19.350000381469727,28.90999984741211,103096.0,19.350000381469727,29.15999984741211,103922.0,984800,51739200,11491600
2022-01-05,17.733802795410156,12.711204528808594,101006.0,19.40999984741211,28.06999969482422,101006.0,19.90999984741211,29.270000457763672,103514.0,19.3799991607666,27.940000534057617,100850.0,19.780000686645508,29.190000534057617,103514.0,868800,78459800,0
2022-01-06,18.053577423095703,12.702146530151367,101561.0,19.760000228881836,28.049999237060547,101561.0,19.799999237060547,28.649999618530273,102235.0,19.350000381469727,27.84000015258789,101000.0,19.709999084472656,28.290000915527344,101006.0,1865700,61163100,11749200
2022-01-07,18.33680534362793,12.761017799377441,102719.0,20.06999969482422,28.18000030517578,102719.0,20.100000381469727,28.290000915527344,102719.0,19.459999084472656,27.81999969482422,101104.0,19.84000015258789,28.110000610351562,101561.0,985600,47507600,11733200
2022-01-10,18.437313079833984,12.68403434753418,101945.0,20.18000030517578,28.010000228881836,101945.0,20.229999542236328,28.239999771118164,102719.0,19.850000381469727,27.719999313354492,101038.0,20.06999969482422,27.989999771118164,102719.0,851600,37455200,10264700
2022-01-11,18.7022647857666,13.059891700744629,103779.0,20.469999313354492,28.84000015258789,103779.0,20.549999237060547,29.06999969482422,103780.0,20.1200008392334,27.850000381469727,101918.0,20.170000076293945,28.100000381469727,101946.0,1195800,73623800,12421500
2022-01-12,18.711400985717773,13.458391189575195,105686.0,20.479999542236328,29.719999313354492,105686.0,20.65999984741211,29.90999984741211,105869.0,20.209999084472656,28.950000762939453,103771.0,20.469999313354492,28.950000762939453,103779.0,999300,81378200,13026500
2022-01-13,18.948957443237305,13.730093955993652,105530.0,20.739999771118164,30.31999969482422,105530.0,20.959999084472656,30.6299991607666,106251.0,20.3700008392334,29.5,104974.0,20.399999618530273,29.530000686645508,105686.0,1150100,76717500,11712300
2022-01-14,18.958086013793945,14.241803169250488,106928.0,20.75,31.450000762939453,106928.0,20.90999984741211,31.600000381469727,107062.0,20.579999923706055,30.239999771118164,105028.0,20.6200008392334,30.280000686645508,105530.0,890700,96458800,11457100
2022-01-17,18.90326690673828,14.264443397521973,106692.0,20.690000534057617,31.5,106692.0,20.920000076293945,31.809999465942383,106928.0,20.40999984741211,31.25,106097.0,20.739999771118164,31.399999618530273,106927.0,658300,35675900,6924200
2022-01-18,19.022037506103516,14.32784366607666,106522.0,20.81999969482422,31.639999389648438,106522.0,21.0,31.979999542236328,107013.0,20.610000610351562,30.969999313354492,105786.0,20.68000030517578,31.559999465942383,106369.0,924400,78198800,11221900
2022-01-19,18.875858306884766,14.259917259216309,108013.0,20.65999984741211,31.489999771118164,108013.0,21.149999618530273,32.209999084472656,108602.0,20.610000610351562,31.440000534057617,106669.0,20.81999969482422,31.899999618530273,106670.0,1113600,77480200,12595600
2022-01-20,18.711400985717773,14.364068984985352,109102.0,20.479999542236328,31.719999313354492,109102.0,20.799999237060547,32.0,109873.0,20.479999542236328,31.110000610351562,108015.0,20.799999237060547,31.5,108015.0,777100,85353100,13630500
2022-01-21,18.720535278320312,14.386712074279785,108942.0,20.489999771118164,31.770000457763672,108942.0,20.75,31.8799991607666,109786.0,20.389999389648438,31.530000686645508,108368.0,20.479999542236328,31.56999969482422,109097.0,627000,61345400,13408400
2022-01-24,18.711400985717773,14.468222618103027,107752.0,20.479999542236328,31.950000762939453,107752.0,20.649999618530273,32.25,108948.0,20.139999389648438,31.040000915527344,106624.0,20.43000030517578,31.690000534057617,108941.0,1860700,79117100,12700800
2022-01-25,19.30527114868164,14.939177513122559,109845.0,21.1299991607666,32.9900016784668,109845.0,21.170000076293945,33.22999954223633,110115.0,20.209999084472656,31.579999923706055,107185.0,20.209999084472656,31.700000762939453,107935.0,1026000,98358500,13713900
2022-01-26,19.487998962402344,15.337676048278809,111573.0,21.329999923706055,33.869998931884766,111573.0,21.450000762939453,34.27000045776367,112695.0,20.959999084472656,33.29999923706055,110204.0,21.100000381469727,33.29999923706055,110207.0,1511400,98679900,15513800
2022-01-27,19.634180068969727,15.342203140258789,112315.0,21.489999771118164,33.880001068115234,112315.0,21.780000686645508,34.63999938964844,113057.0,21.200000762939453,33.16999816894531,111303.0,21.280000686645508,34.25,111303.0,1283000,90631000,14812000
2022-01-28,19.871728897094727,14.735398292541504,111478.0,21.75,32.540000915527344,111478.0,21.770000457763672,34.349998474121094,112969.0,21.260000228881836,32.220001220703125,111407.0,21.489999771118164,33.79999923706055,112611.0,931000,117400500,13520100
2022-01-31,20.18236541748047,14.649357795715332,112388.0,22.09000015258789,32.349998474121094,112388.0,22.229999542236328,33.0,112495.0,21.59000015258789,32.06999969482422,111195.0,21.799999237060547,32.5,111910.0,1133300,62450300,12190800
2022-02-01,20.408809661865234,14.943704605102539,113147.0,22.31999969482422,33.0,113147.0,22.450000762939453,33.31999969482422,113302.0,22.049999237060547,31.950000762939453,112135.0,22.049999237060547,32.349998474121094,112143.0,1051400,57315200,11133300
2022-02-02,20.143640518188477,14.72634220123291,112161.0,22.030000686645508,32.52000045776367,112161.0,22.329999923706055,33.4900016784668,113666.0,21.889999389648438,32.36000061035156,111645.0,22.31999969482422,33.40999984741211,113228.0,963600,36271700,11751200
2022-02-03,20.308231353759766,14.522562980651855,111696.0,22.209999084472656,32.06999969482422,111696.0,22.329999923706055,32.91999816894531,112502.0,21.81999969482422,31.6200008392334,111225.0,22.030000686645508,32.349998474121094,111897.0,1111200,51087800,11039700
2022-02-04,20.42709732055664,14.776152610778809,112245.0,22.34000015258789,32.630001068115234,112245.0,22.440000534057617,33.22999954223633,112415.0,22.079999923706055,31.8799991607666,110321.0,22.209999084472656,32.40999984741211,111696.0,1140500,59346800,0
2022-02-07,20.326515197753906,14.558793067932129,111996.0,22.229999542236328,32.150001525878906,111996.0,22.389999389648438,32.779998779296875,112517.0,22.049999237060547,32.130001068115234,111490.0,22.329999923706055,32.54999923706055,112247.0,995500,48868100,10672800
2022-02-08,20.463665008544922,14.413881301879883,112234.0,22.3799991607666,31.829999923706055,112234.0,22.3799991607666,31.950000762939453,112251.0,21.8700008392334,31.260000228881836,110943.0,22.329999923706055,31.899999618530273,111995.0,879800,62590000,10157500
2022-02-09,19.649883270263672,14.468222618103027,112461.0,21.489999771118164,31.950000762939453,112461.0,22.3799991607666,32.689998626708984,113163.0,21.469999313354492,31.649999618530273,111710.0,22.3799991607666,31.739999771118164,112233.0,1696200,50960500,13794500
2022-02-10,19.90590476989746,14.69011402130127,113359.0,21.770000457763672,32.439998626708984,113359.0,22.030000686645508,32.900001525878906,113812.0,21.3700008392334,31.940000534057617,112163.0,21.6299991607666,32.29999923706055,112462.0,663100,49534600,13267900
2022-02-11,20.90257453918457,15.287860870361328,113572.0,22.860000610351562,33.7599983215332,113572.0,23.190000534057617,33.90999984741211,114899.0,22.56999969482422,32.630001068115234,113128.0,22.700000762939453,32.77000045776367,113368.0,3838700,88013400,18602800
2022-02-14,20.73798179626465,14.943704605102539,113807.0,22.68000030517578,33.0,113807.0,22.899999618530273,33.939998626708984,114167.0,22.6200008392334,32.81999969482422,113358.0,22.850000381469727,33.86000061035156,113643.0,902600,55687000,10757600
2022-02-15,20.975725173950195,14.708226203918457,114660.0,22.940000534057617,32.47999954223633,114660.0,23.139999389648438,32.68000030517578,114819.0,22.719999313354492,31.889999389648438,113882.0,22.899999618530273,32.65999984741211,113905.0,812300,65689000,11649600
2022-02-16,20.8842830657959,14.912005424499512,115181.0,22.84000015258789,32.93000030517578,115181.0,23.1200008392334,33.70000076293945,115734.0,22.75,32.77000045776367,114816.0,22.940000534057617,32.83000183105469,114830.0,612700,65811600,12052100
2022-02-17,20.509389877319336,14.853135108947754,113528.0,22.43000030517578,32.79999923706055,113528.0,22.899999618530273,33.290000915527344,115214.0,22.360000610351562,32.54999923706055,113389.0,22.84000015258789,32.849998474121094,115181.0,462200,43255200,10807500
2022-02-18,20.609973907470703,14.943704605102539,112768.0,22.540000915527344,33.0,112768.0,22.739999771118164,33.09000015258789,114213.0,22.3799991607666,32.27000045776367,112701.0,22.600000381469727,32.56999969482422,113534.0,708700,60304700,11300700
2022-02-21,20.198503494262695,15.32861614227295,111725.0,22.09000015258789,33.849998474121094,111725.0,22.540000915527344,34.0,113405.0,21.899999618530273,33.0,111608.0,22.540000915527344,33.04999923706055,112880.0,599800,51263800,7864900
2022-02-22,20.329944610595703,15.278807640075684,112892.0,22.219999313354492,33.7400016784668,112892.0,22.43000030517578,34.68000030517578,113315.0,22.079999923706055,33.209999084472656,111727.0,22.200000762939453,34.220001220703125,111727.0,734700,80206700,12707000
2022-02-23,20.092065811157227,15.496169090270996,112008.0,21.959999084472656,34.220001220703125,112008.0,22.469999313354492,34.599998474121094,113721.0,21.889999389648438,33.79999923706055,111748.0,22.229999542236328,34.18000030517578,112892.0,309700,86530100,12120600
2022-02-24,19.68033790588379,15.120311737060547,111592.0,21.510000228881836,33.38999938964844,111592.0,21.610000610351562,35.290000915527344,112001.0,21.059999465942383,32.68000030517578,109125.0,21.469999313354492,34.79999923706055,112001.0,815300,139674100,16794700
2022-02-25,19.973115921020508,15.3965425491333,113142.0,21.829999923706055,34.0,113142.0,21.829999923706055,34.0,113142.0,21.3700008392334,32.900001525878906,110673.0,21.510000228881836,33.45000076293945,111591.0,809400,86189100,17555700
2022-03-02,19.63216781616211,15.699946403503418,115174.0,21.440000534057617,34.66999816894531,115174.0,21.809999465942383,35.290000915527344,115429.0,21.399999618530273,34.38999938964844,113143.0,21.809999465942383,35.2599983215332,113143.0,575000,58071800,0
2022-03-03,19.648056030273438,15.505226135253906,115166.0,21.440000534057617,34.2400016784668,115166.0,22.079999923706055,34.93000030517578,115948.0,21.3799991607666,34.15999984741211,115010.0,21.40999984741211,34.81999969482422,115173.0,583000,69237400,12123000
2022-03-04,19.263153076171875,15.50069808959961,114474.0,21.020000457763672,34.22999954223633,114474.0,21.489999771118164,34.68000030517578,115166.0,20.700000762939453,33.81999969482422,113389.0,21.399999618530273,34.08000183105469,115166.0,1621000,55418000,10715700
2022-03-07,18.832439422607422,14.400297164916992,111593.0,20.549999237060547,31.799999237060547,111593.0,21.170000076293945,34.599998474121094,114529.0,20.469999313354492,31.6299991607666,111140.0,21.170000076293945,34.5,114469.0,866000,110954100,14057700
2022-03-08,18.7866153717041,14.699172019958496,111203.0,20.5,32.459999084472656,111203.0,20.850000381469727,32.970001220703125,112390.0,20.290000915527344,31.510000228881836,110969.0,20.850000381469727,32.0,111594.0,1236400,111633500,15698500
2022-03-09,19.602235794067383,14.74445629119873,113900.0,21.389999389648438,32.560001373291016,113900.0,21.520000457763672,32.81999969482422,114051.0,20.670000076293945,31.739999771118164,111207.0,20.809999465942383,32.599998474121094,111210.0,1765000,87779300,14705400
2022-03-10,19.49226188659668,15.26069164276123,113663.0,21.270000457763672,33.70000076293945,113663.0,21.3700008392334,34.599998474121094,113939.0,20.940000534057617,32.52000045776367,111889.0,21.149999618530273,32.599998474121094,113900.0,951900,136437700,12984000
2022-03-11,19.49226188659668,14.712757110595703,111713.0,21.270000457763672,32.4900016784668,111713.0,21.649999618530273,34.380001068115234,114627.0,21.200000762939453,32.06999969482422,111332.0,21.489999771118164,33.90999984741211,113664.0,1657400,92153700,12475800
2022-03-14,19.65721321105957,14.431997299194336,109928.0,21.450000762939453,31.8700008392334,109928.0,21.860000610351562,32.88999938964844,112299.0,21.280000686645508,31.520000457763672,109717.0,21.280000686645508,32.43000030517578,111716.0,924300,52274100,10480900
2022-03-15,19.75802230834961,14.0833101272583,108959.0,21.559999465942383,31.100000381469727,108959.0,21.700000762939453,31.540000915527344,109925.0,21.15999984741211,30.469999313354492,107781.0,21.6299991607666,31.139999389648438,109925.0,1962500,66272000,13653800
2022-03-16,20.243724822998047,13.961041450500488,111112.0,22.09000015258789,30.829999923706055,111112.0,22.1299991607666,31.540000915527344,111183.0,21.579999923706055,30.3700008392334,108958.0,21.600000381469727,31.5,108958.0,1455700,72034900,13205200
2022-03-17,20.674442291259766,13.589714050292969,113076.0,22.559999465942383,30.010000228881836,113076.0,22.670000076293945,31.399999618530273,113088.0,21.989999771118164,29.5,111070.0,22.020000457763672,31.25,111113.0,1780500,178319300,14407500
2022-03-18,20.84856414794922,13.861418724060059,115311.0,22.75,30.610000610351562,115311.0,22.850000381469727,30.81999969482422,115311.0,22.459999084472656,29.860000610351562,112475.0,22.6299991607666,30.09000015258789,113076.0,2174800,93097100,19552500
2022-03-21,21.24262237548828,14.382183074951172,116155.0,23.18000030517578,31.760000228881836,116155.0,23.280000686645508,32.09000015258789,116360.0,22.719999313354492,30.639999389648438,115208.0,22.75,30.90999984741211,115307.0,1134300,67700800,10378700
2022-03-22,21.590862274169922,14.318787574768066,117272.0,23.559999465942383,31.6200008392334,117272.0,23.649999618530273,32.099998474121094,117541.0,23.059999465942383,31.350000381469727,116157.0,23.059999465942383,31.989999771118164,116157.0,849600,56128600,11382700
2022-03-23,21.462566375732422,14.513506889343262,117457.0,23.420000076293945,32.04999923706055,117457.0,23.719999313354492,32.470001220703125,118270.0,23.329999923706055,31.690000534057617,117036.0,23.559999465942383,31.93000030517578,117270.0,588200,52956100,11083700
2022-03-24,21.453399658203125,14.681056022644043,119053.0,23.40999984741211,32.41999816894531,119053.0,23.729999542236328,32.599998474121094,119256.0,23.31999969482422,31.670000076293945,117151.0,23.399999618530273,32.04999923706055,117460.0,599000,49402800,13474400
2022-03-25,21.47172737121582,14.626716613769531,119081.0,23.43000030517578,32.29999923706055,119081.0,23.59000015258789,32.54999923706055,119729.0,23.209999084472656,31.920000076293945,118548.0,23.40999984741211,32.150001525878906,119062.0,1037800,51780100,13814500
2022-03-28,21.462566375732422,14.309731483459473,118738.0,23.420000076293945,31.600000381469727,118738.0,23.670000076293945,32.08000183105469,119444.0,23.219999313354492,30.979999542236328,118061.0,23.479999542236328,32.060001373291016,119082.0,385500,68610500,9167700
2022-03-29,21.911605834960938,14.626716613769531,120014.0,23.90999984741211,32.29999923706055,120014.0,24.0,32.7599983215332,120900.0,23.450000762939453,31.920000076293945,118740.0,23.670000076293945,32.130001068115234,118740.0,1612900,93809000,12931900
2022-03-30,21.9207706451416,14.939177513122559,120260.0,23.920000076293945,32.9900016784668,120260.0,24.030000686645508,32.9900016784668,120531.0,23.729999542236328,32.380001068115234,119775.0,23.799999237060547,32.5,120013.0,724700,69648400,10893300
2022-03-31,21.627519607543945,15.147483825683594,119999.0,23.600000381469727,33.45000076293945,119999.0,24.15999984741211,33.56999969482422,120880.0,23.600000381469727,32.5,119999.0,23.920000076293945,32.56999969482422,120261.0,827500,94269500,11202100
2022-04-01,21.680389404296875,14.948232650756836,121570.0,23.639999389648438,33.0099983215332,121570.0,24.149999618530273,33.790000915527344,121579.0,23.549999237060547,32.90999984741211,120001.0,23.729999542236328,33.54999923706055,120001.0,610900,72545400,13780900
2022-04-04,21.5519962310791,14.807852745056152,121280.0,23.5,32.70000076293945,121280.0,23.6200008392334,32.900001525878906,121570.0,23.219999313354492,32.25,120754.0,23.5,32.900001525878906,121569.0,551800,56053000,8812500
2022-04-05,21.001731872558594,14.667471885681152,118885.0,22.899999618530273,32.38999938964844,118885.0,23.450000762939453,33.060001373291016,121628.0,22.8799991607666,32.38999938964844,118794.0,23.450000762939453,32.65999984741211,121279.0,495700,45847200,11788300
2022-04-06,20.928363800048828,14.653886795043945,118228.0,22.81999969482422,32.36000061035156,118228.0,22.989999771118164,32.779998779296875,118885.0,22.6299991607666,32.040000915527344,116791.0,22.709999084472656,32.599998474121094,118885.0,1055400,56947100,13410800
2022-04-07,20.928363800048828,15.414658546447754,118862.0,22.81999969482422,34.040000915527344,118862.0,22.969999313354492,34.060001373291016,119247.0,22.6200008392334,32.5,117509.0,22.760000228881836,32.63999938964844,118226.0,494800,118469400,11520100
2022-04-08,20.983388900756836,15.491640090942383,118322.0,22.8799991607666,34.209999084472656,118322.0,23.149999618530273,34.40999984741211,118868.0,22.6200008392334,33.849998474121094,117487.0,22.6200008392334,34.06999969482422,118861.0,543600,60772700,11225800
2022-04-11,20.882509231567383,15.373903274536133,116953.0,22.770000457763672,33.95000076293945,116953.0,22.979999542236328,34.099998474121094,118320.0,22.739999771118164,33.779998779296875,116953.0,22.780000686645508,33.900001525878906,118320.0,682600,48125400,9558400
2022-04-12,20.534006118774414,15.32861614227295,116147.0,22.389999389648438,33.849998474121094,116147.0,23.020000457763672,34.68000030517578,118615.0,22.389999389648438,33.79999923706055,116054.0,22.979999542236328,34.400001525878906,116963.0,630300,68522800,11406800
2022-04-13,20.579866409301758,15.6546630859375,116782.0,22.440000534057617,34.56999969482422,116782.0,22.790000915527344,34.79999923706055,117329.0,22.309999465942383,34.099998474121094,116150.0,22.59000015258789,34.369998931884766,116150.0,546200,101438800,12070500
2022-04-14,20.72659683227539,15.491302490234375,116182.0,22.600000381469727,31.270000457763672,116182.0,22.649999618530273,32.06999969482422,116781.0,22.329999923706055,31.15999984741211,115624.0,22.520000457763672,31.600000381469727,116781.0,448700,119382100,10365400
2022-04-18,20.790794372558594,15.218830108642578,115687.0,22.670000076293945,30.719999313354492,115687.0,22.780000686645508,31.389999389648438,116191.0,22.459999084472656,30.469999313354492,115177.0,22.459999084472656,31.15999984741211,116182.0,610900,76350600,8404900
2022-04-19,20.524829864501953,15.679556846618652,115057.0,22.3799991607666,31.649999618530273,115057.0,22.75,32.0,115687.0,22.149999618530273,31.1200008392334,114277.0,22.670000076293945,31.15999984741211,115687.0,537800,88494100,0
2022-04-20,20.543174743652344,15.753866195678711,114344.0,22.399999618530273,31.799999237060547,114344.0,22.579999923706055,31.950000762939453,115057.0,22.190000534057617,31.329999923706055,113945.0,22.350000381469727,31.649999618530273,115057.0,824800,34694700,10747700
2022-04-22,20.148820877075195,15.139566421508789,111078.0,21.969999313354492,30.559999465942383,111078.0,22.260000228881836,31.299999237060547,114343.0,21.81999969482422,30.31999969482422,110591.0,22.260000228881836,31.049999237060547,114343.0,406300,74560900,10877300
2022-04-25,20.213024139404297,14.916633605957031,110685.0,22.040000915527344,30.110000610351562,110685.0,22.170000076293945,30.440000534057617,111155.0,21.559999465942383,29.540000915527344,109222.0,21.920000076293945,29.969999313354492,111077.0,1215100,66413900,11098300
2022-04-26,19.598556518554688,14.891862869262695,108213.0,21.3700008392334,30.059999465942383,108213.0,22.0,30.579999923706055,110685.0,21.290000915527344,29.889999389648438,107978.0,22.0,30.110000610351562,110684.0,1078000,48764100,11747500
2022-04-27,19.314258575439453,14.891862869262695,109349.0,21.059999465942383,30.059999465942383,109349.0,21.6299991607666,30.559999465942383,110107.0,21.020000457763672,29.950000762939453,108214.0,21.440000534057617,30.3700008392334,108214.0,490500,41881300,11515700
2022-04-28,19.14917755126953,14.990944862365723,109919.0,20.8799991607666,30.260000228881836,109919.0,21.329999923706055,30.6200008392334,110702.0,20.700000762939453,30.25,108905.0,21.100000381469727,30.450000762939453,109349.0,646000,43298500,11129900
2022-04-29,18.41549301147461,15.000852584838867,107876.0,20.079999923706055,30.280000686645508,107876.0,21.3700008392334,31.59000015258789,111819.0,20.079999923706055,30.280000686645508,107876.0,20.889999389648438,30.75,109922.0,4375000,76243900,13662200
2022-05-02,18.633636474609375,14.852230072021484,106639.0,20.299999237060547,29.979999542236328,106639.0,20.469999313354492,30.329999923706055,107884.0,20.020000457763672,29.329999923706055,105218.0,20.18000030517578,30.170000076293945,107876.0,1910800,72456200,11935100
2022-05-03,18.743785858154297,14.985990524291992,106528.0,20.420000076293945,30.25,106528.0,20.639999389648438,30.389999389648438,107127.0,20.229999542236328,29.81999969482422,106033.0,20.280000686645508,30.1200008392334,106640.0,752400,52531000,9935500
2022-05-04,18.70706558227539,15.887625694274902,108344.0,20.3799991607666,32.06999969482422,108344.0,20.440000534057617,32.16999816894531,108382.0,20.049999237060547,30.399999618530273,104933.0,20.299999237060547,30.600000381469727,106529.0,619700,109417000,14558600
2022-05-05,18.33072280883789,15.857902526855469,105304.0,19.969999313354492,32.0099983215332,105304.0,20.190000534057617,32.5,108337.0,19.68000030517578,31.020000457763672,103923.0,20.190000534057617,31.809999465942383,108337.0,729300,99439900,13826200
2022-05-06,18.541841506958008,16.378076553344727,105135.0,20.200000762939453,33.060001373291016,105135.0,20.719999313354492,33.119998931884766,106268.0,19.81999969482422,31.899999618530273,103984.0,19.969999313354492,32.689998626708984,105303.0,1072600,129570200,14137700
2022-05-09,18.422515869140625,15.932212829589844,103250.0,20.06999969482422,32.15999984741211,103250.0,20.399999618530273,33.040000915527344,105109.0,19.739999771118164,32.060001373291016,102768.0,20.06999969482422,32.70000076293945,105109.0,1158400,92314500,13196700
2022-05-10,18.367441177368164,16.070926666259766,103110.0,20.010000228881836,32.439998626708984,103110.0,20.3700008392334,32.849998474121094,104286.0,19.940000534057617,32.20000076293945,102386.0,20.329999923706055,32.36000061035156,103251.0,612500,60330600,13507400
2022-05-11,18.81722068786621,16.630733489990234,104397.0,20.5,33.56999969482422,104397.0,20.65999984741211,33.90999984741211,105374.0,20.0,32.689998626708984,103008.0,20.020000457763672,32.779998779296875,103110.0,605700,108895400,13425100
2022-05-12,19.193557739257812,16.759540557861328,105688.0,20.90999984741211,33.83000183105469,105688.0,21.030000686645508,34.08000183105469,105708.0,20.40999984741211,33.2599983215332,103579.0,20.469999313354492,33.2599983215332,104395.0,457000,114415900,13995600
2022-05-13,19.395498275756836,16.977516174316406,106924.0,21.1299991607666,34.27000045776367,106924.0,21.290000915527344,34.439998626708984,107773.0,20.8700008392334,33.900001525878906,105691.0,20.989999771118164,34.099998474121094,105691.0,444600,67000100,12369300
2022-05-16,19.487289428710938,17.145954132080078,108233.0,21.229999542236328,34.61000061035156,108233.0,21.559999465942383,34.880001068115234,108685.0,20.979999542236328,34.0099983215332,108199.0,21.15999984741211,34.25,108685.0,494600,92075300,10596900
2022-05-17,19.76266860961914,16.92302131652832,108789.0,21.530000686645508,34.15999984741211,108789.0,21.770000457763672,35.13999938964844,109774.0,21.3799991607666,34.13999938964844,108245.0,21.389999389648438,35.0,108246.0,342100,90914700,16503400
2022-05-18,19.524011611938477,16.645593643188477,106247.0,21.270000457763672,33.599998474121094,106247.0,21.59000015258789,34.560001373291016,108096.0,21.1200008392334,33.43000030517578,106038.0,21.450000762939453,34.18000030517578,107903.0,509400,80986200,14752800
2022-05-19,19.505651473999023,16.927974700927734,107005.0,21.25,34.16999816894531,107005.0,21.360000610351562,34.290000915527344,107420.0,21.040000915527344,33.33000183105469,105760.0,21.149999618530273,33.52000045776367,106249.0,258100,63983100,11426400
2022-05-20,19.689231872558594,17.25494384765625,108488.0,21.450000762939453,34.83000183105469,108488.0,21.459999084472656,34.83000183105469,108795.0,21.15999984741211,34.25,107351.0,21.3799991607666,34.59000015258789,108520.0,376500,79589900,12866400
2022-05-23,20.18490219116211,17.93364715576172,110346.0,21.989999771118164,36.20000076293945,110346.0,22.190000534057617,36.310001373291016,110680.0,21.459999084472656,35.150001525878906,108500.0,21.459999084472656,35.18000030517578,108500.0,637500,93807400,10682700
2022-05-24,20.524534225463867,17.445337295532227,110581.0,22.360000610351562,31.600000381469727,110581.0,22.399999618530273,32.09000015258789,110635.0,21.850000381469727,30.709999084472656,108399.0,21.920000076293945,31.200000762939453,110340.0,468600,154453100,11724400
2022-05-25,20.129833221435547,17.693767547607422,110580.0,21.93000030517578,32.04999923706055,110580.0,22.239999771118164,32.279998779296875,111006.0,21.93000030517578,31.260000228881836,109699.0,22.15999984741211,31.700000762939453,110085.0,549300,69991900,10737700
2022-05-26,20.31341552734375,17.737932205200195,111890.0,22.1299991607666,32.130001068115234,111890.0,22.31999969482422,32.560001373291016,112102.0,21.81999969482422,31.950000762939453,110388.0,21.8799991607666,32.02000045776367,110577.0,762700,78303600,13077400
2022-05-27,20.487815856933594,16.89327049255371,111942.0,22.31999969482422,30.600000381469727,111942.0,22.549999237060547,32.150001525878906,112441.0,22.100000381469727,30.56999969482422,111558.0,22.149999618530273,32.150001525878906,111890.0,389300,118295600,9979300
2022-05-30,20.377666473388672,16.556509017944336,111032.0,22.200000762939453,29.989999771118164,111032.0,22.579999923706055,30.8700008392334,112690.0,22.190000534057617,29.1200008392334,110655.0,22.299999237060547,30.84000015258789,111944.0,263200,98110100,7284500
2022-05-31,20.561254501342773,16.59515380859375,111351.0,22.399999618530273,30.059999465942383,111351.0,22.59000015258789,30.6200008392334,111903.0,22.200000762939453,29.809999465942383,110685.0,22.200000762939453,30.40999984741211,111036.0,390700,83598000,15809400
2022-06-01,20.29269027709961,16.573070526123047,111360.0,22.09000015258789,30.020000457763672,111360.0,22.3799991607666,30.329999923706055,111931.0,22.020000457763672,29.850000381469727,110822.0,22.299999237060547,29.899999618530273,111351.0,287200,46353200,9790200
2022-06-02,20.29269027709961,16.429533004760742,112393.0,22.09000015258789,29.760000228881836,112393.0,22.239999771118164,30.049999237060547,112709.0,21.799999237060547,29.549999237060547,111218.0,22.239999771118164,29.969999313354492,111363.0,540700,50738300,10051100
2022-06-03,20.182453155517578,16.716609954833984,111102.0,21.969999313354492,30.280000686645508,111102.0,22.1299991607666,30.440000534057617,112392.0,21.8799991607666,29.530000686645508,110935.0,22.0,29.709999084472656,112392.0,699800,60396900,8757500
2022-06-06,20.182453155517578,16.727649688720703,110186.0,21.969999313354492,30.299999237060547,110186.0,22.260000228881836,30.530000686645508,111935.0,21.860000610351562,29.90999984741211,110015.0,22.040000915527344,30.5,111102.0,343600,39213900,8212400
2022-06-07,20.23757553100586,16.926393508911133,110070.0,22.030000686645508,30.65999984741211,110070.0,22.030000686645508,31.299999237060547,110435.0,21.75,30.15999984741211,109394.0,21.889999389648438,30.190000534057617,110185.0,363600,80333700,9466200
2022-06-08,19.8701171875,16.843585968017578,108368.0,21.6299991607666,30.510000228881836,108368.0,21.959999084472656,31.149999618530273,110142.0,21.489999771118164,30.329999923706055,108045.0,21.780000686645508,30.420000076293945,110067.0,676100,65923900,10379900
2022-06-09,19.465919494628906,16.60067367553711,107094.0,21.190000534057617,30.06999969482422,107094.0,21.600000381469727,30.65999984741211,108510.0,21.079999923706055,29.979999542236328,107068.0,21.600000381469727,30.510000228881836,108367.0,246300,53879000,11955500
2022-06-10,19.00659942626953,16.368804931640625,105481.0,20.690000534057617,29.649999618530273,105481.0,21.06999969482422,30.010000228881836,107092.0,20.489999771118164,29.059999465942383,104648.0,21.06999969482422,30.010000228881836,107091.0,631500,63101700,12840500
2022-06-13,18.694259643554688,16.159019470214844,102598.0,20.350000381469727,29.270000457763672,102598.0,20.56999969482422,29.579999923706055,105478.0,20.139999389648438,28.670000076293945,101700.0,20.360000610351562,29.020000457763672,105476.0,356300,64507100,13837900
2022-06-14,18.62995719909668,16.341201782226562,102063.0,20.280000686645508,29.600000381469727,102063.0,20.579999923706055,30.25,103328.0,20.1299991607666,29.239999771118164,101325.0,20.440000534057617,29.65999984741211,102598.0,552100,68816900,11563200
2022-06-15,18.584026336669922,16.054126739501953,102807.0,20.229999542236328,29.079999923706055,102807.0,20.670000076293945,30.020000457763672,103952.0,20.200000762939453,28.84000015258789,102046.0,20.5,30.0,102068.0,535700,72785700,16023500
2022-06-17,18.363550186157227,15.076967239379883,99825.0,19.989999771118164,27.309999465942383,99825.0,20.200000762939453,28.450000762939453,102801.0,19.639999389648438,26.1299991607666,98402.0,19.969999313354492,28.170000076293945,102800.0,933600,184606500,18927300
2022-06-20,19.14439582824707,15.24810791015625,99853.0,20.84000015258789,27.6200008392334,99853.0,20.90999984741211,28.25,100481.0,20.010000228881836,25.90999984741211,98409.0,20.010000228881836,26.020000457763672,99824.0,600600,92581800,10900800
2022-06-21,19.061710357666016,14.944472312927246,99685.0,20.75,27.06999969482422,99685.0,21.010000228881836,28.15999984741211,101069.0,20.579999923706055,26.690000534057617,99167.0,20.920000076293945,27.799999237060547,99854.0,313300,85179500,11072300
2022-06-22,18.850433349609375,14.900303840637207,99522.0,20.520000457763672,26.989999771118164,99522.0,20.719999313354492,27.549999237060547,100374.0,20.420000076293945,26.389999389648438,98050.0,20.59000015258789,26.579999923706055,99678.0,417100,57874700,11675100
2022-06-23,18.41866683959961,14.624271392822266,98080.0,20.049999237060547,26.489999771118164,98080.0,20.600000381469727,27.3799991607666,100232.0,19.950000762939453,26.1200008392334,97775.0,20.549999237060547,26.979999542236328,99523.0,541700,69262300,12397700
2022-06-24,18.372737884521484,14.5138578414917,98672.0,20.0,26.290000915527344,98672.0,20.229999542236328,27.09000015258789,99313.0,19.93000030517578,26.18000030517578,98031.0,20.149999618530273,26.760000228881836,98081.0,236900,53413400,10345200
2022-06-27,18.574840545654297,15.446853637695312,100764.0,20.219999313354492,27.979999542236328,100764.0,20.309999465942383,28.06999969482422,101106.0,19.979999542236328,26.65999984741211,98672.0,20.020000457763672,26.81999969482422,98673.0,510100,90417700,9895900
2022-06-28,18.455415725708008,15.64007568359375,100591.0,20.09000015258789,28.329999923706055,100591.0,20.469999313354492,28.829999923706055,102237.0,19.829999923706055,28.020000457763672,99956.0,20.260000228881836,28.579999923706055,100766.0,499500,51388000,10493900
2022-06-29,18.280874252319336,15.502059936523438,99622.0,19.899999618530273,28.079999923706055,99622.0,20.290000915527344,28.81999969482422,101313.0,19.850000381469727,27.84000015258789,99218.0,20.100000381469727,28.479999542236328,100592.0,531700,52048800,10448100
2022-06-30,17.940977096557617,15.419249534606934,98542.0,19.530000686645508,27.93000030517578,98542.0,19.770000457763672,28.059999465942383,99619.0,19.450000762939453,27.399999618530273,97758.0,19.700000762939453,27.649999618530273,99619.0,502000,49910100,14588800
2022-07-01,17.993986129760742,15.750490188598633,98954.0,19.56999969482422,28.530000686645508,98954.0,19.760000228881836,28.850000381469727,99340.0,19.200000762939453,27.520000457763672,97231.0,19.200000762939453,28.079999923706055,98542.0,534900,64948200,11609800
2022-07-04,17.883651733398438,16.087251663208008,98609.0,19.450000762939453,29.139999389648438,98609.0,19.649999618530273,29.280000686645508,99353.0,19.34000015258789,28.540000915527344,98264.0,19.510000228881836,28.540000915527344,98952.0,206200,37324200,6279300
2022-07-05,17.98479652404785,15.474457740783691,98295.0,19.559999465942383,28.030000686645508,98295.0,19.59000015258789,28.950000762939453,98608.0,19.18000030517578,27.549999237060547,96499.0,19.389999389648438,28.899999618530273,98608.0,304600,78428500,13358800
2022-07-06,17.865262985229492,15.275712013244629,98719.0,19.43000030517578,27.670000076293945,98719.0,19.709999084472656,28.479999542236328,99141.0,19.290000915527344,26.90999984741211,97423.0,19.5,28.15999984741211,98294.0,490200,57617200,13348200
2022-07-07,18.187074661254883,15.72288703918457,100730.0,19.780000686645508,28.479999542236328,100730.0,19.8700008392334,28.920000076293945,101420.0,19.610000610351562,28.0,98722.0,19.670000076293945,28.0,98722.0,651900,52147300,12696300
2022-07-08,18.22385025024414,15.899547576904297,100289.0,19.81999969482422,28.799999237060547,100289.0,20.049999237060547,28.969999313354492,101577.0,19.780000686645508,28.3700008392334,99958.0,19.799999237060547,28.530000686645508,100732.0,462900,43097800,9730400
2022-07-11,17.993986129760742,15.822259902954102,98212.0,19.56999969482422,28.65999984741211,98212.0,19.790000915527344,28.790000915527344,100282.0,19.399999618530273,28.25,97854.0,19.709999084472656,28.31999969482422,100282.0,365800,39577600,8893400
2022-07-12,17.98479652404785,15.584869384765625,98271.0,19.559999465942383,28.229999542236328,98271.0,19.639999389648438,28.43000030517578,98737.0,19.209999084472656,27.969999313354492,97253.0,19.56999969482422,28.299999237060547,98212.0,475500,46462000,12566300
2022-07-13,17.938817977905273,15.59591293334961,97881.0,19.510000228881836,28.25,97881.0,19.719999313354492,28.479999542236328,98928.0,19.40999984741211,27.979999542236328,97403.0,19.440000534057617,28.1299991607666,98258.0,743400,35497200,12208100
2022-07-14,17.681367874145508,15.176338195800781,96121.0,19.229999542236328,27.489999771118164,96121.0,19.290000915527344,28.0,97879.0,18.860000610351562,27.239999771118164,95431.0,19.270000457763672,28.0,97879.0,478200,47151000,12579000
2022-07-15,18.0307674407959,15.435811042785645,96551.0,19.610000610351562,27.959999084472656,96551.0,19.709999084472656,28.049999237060547,96971.0,19.149999618530273,27.489999771118164,95267.0,19.309999465942383,27.700000762939453,96119.0,392800,38610800,11347600
2022-07-18,18.177881240844727,15.789135932922363,96916.0,19.770000457763672,28.600000381469727,96916.0,19.940000534057617,28.690000534057617,98291.0,19.600000381469727,28.299999237060547,96553.0,19.649999618530273,28.389999389648438,96553.0,232900,46782300,10738200
2022-07-19,18.67439079284668,16.109333038330078,98245.0,20.309999465942383,29.18000030517578,98245.0,20.389999389648438,29.239999771118164,98346.0,19.790000915527344,28.399999618530273,96917.0,19.81999969482422,28.549999237060547,96920.0,936900,48562300,10295900
2022-07-20,18.361774444580078,16.10381317138672,98287.0,19.969999313354492,29.170000076293945,98287.0,20.31999969482422,29.219999313354492,98366.0,19.920000076293945,28.829999923706055,97277.0,20.209999084472656,29.06999969482422,98244.0,563100,43520800,12941700
2022-07-21,18.53647232055664,16.0210018157959,99033.0,20.15999984741211,29.020000457763672,99033.0,20.25,29.1299991607666,99057.0,19.729999542236328,28.200000762939453,97088.0,19.959999084472656,28.979999542236328,98286.0,409800,58843200,10060000
2022-07-22,18.370969772338867,16.1921443939209,98925.0,19.979999542236328,29.329999923706055,98925.0,20.299999237060547,29.469999313354492,99724.0,19.829999923706055,28.850000381469727,98321.0,20.15999984741211,29.040000915527344,99034.0,296900,55676200,10033500
2022-07-25,18.619224548339844,16.94847869873047,100270.0,20.25,30.700000762939453,100270.0,20.350000381469727,30.75,100508.0,19.93000030517578,29.610000610351562,98925.0,20.170000076293945,29.610000610351562,98926.0,235000,79106600,8621800
2022-07-26,18.52727508544922,17.11961555480957,99772.0,20.149999618530273,31.010000228881836,99772.0,20.469999313354492,31.6200008392334,100753.0,20.049999237060547,30.59000015258789,99365.0,20.239999771118164,31.200000762939453,100270.0,282300,78360100,9136600
2022-07-27,18.508888244628906,17.307321548461914,101438.0,20.1299991607666,31.350000381469727,101438.0,20.350000381469727,31.469999313354492,101471.0,20.020000457763672,30.6200008392334,99772.0,20.190000534057617,31.299999237060547,99773.0,339300,56097200,10263100
2022-07-28,18.619224548339844,17.826263427734375,102597.0,20.25,32.290000915527344,102597.0,20.280000686645508,32.630001068115234,102686.0,19.93000030517578,31.43000030517578,101045.0,20.1299991607666,31.59000015258789,101437.0,242000,114996500,11130000
2022-07-29,18.646808624267578,18.853111267089844,103165.0,20.280000686645508,34.150001525878906,103165.0,20.43000030517578,34.65999984741211,103989.0,20.100000381469727,32.83000183105469,102514.0,20.270000457763672,33.599998474121094,102597.0,652500,181480600,12934200
2022-08-01,18.55261993408203,18.593637466430664,102225.0,20.15999984741211,33.68000030517578,102225.0,20.389999389648438,34.150001525878906,103317.0,19.959999084472656,33.220001220703125,101764.0,20.389999389648438,34.0,103165.0,625900,81365100,11626700
2022-08-02,18.755077362060547,18.676450729370117,103362.0,20.3799991607666,33.83000183105469,103362.0,20.479999542236328,34.5,103660.0,20.059999465942383,33.47999954223633,101694.0,20.059999465942383,33.77000045776367,102225.0,330100,69147100,10124500
2022-08-03,18.893115997314453,18.687488555908203,103775.0,20.530000686645508,33.849998474121094,103775.0,20.540000915527344,34.15999984741211,103878.0,20.280000686645508,33.560001373291016,102822.0,20.450000762939453,34.0099983215332,103362.0,429500,65544500,12379600
2022-08-04,19.270427703857422,18.886232376098633,105892.0,20.940000534057617,34.209999084472656,105892.0,20.989999771118164,34.400001525878906,106162.0,20.540000915527344,33.58000183105469,103777.0,20.610000610351562,34.08000183105469,103777.0,592200,54387500,15499000
2022-08-05,19.592519760131836,19.250600814819336,106472.0,21.290000915527344,34.869998931884766,106472.0,21.420000076293945,35.060001373291016,107176.0,20.770000457763672,34.119998931884766,105518.0,20.950000762939453,34.150001525878906,105893.0,381600,77882600,12947500
2022-08-08,19.804183959960938,20.222240447998047,108402.0,21.520000457763672,36.630001068115234,108402.0,21.559999465942383,36.77000045776367,108489.0,21.200000762939453,35.130001068115234,106473.0,21.450000762939453,35.13999938964844,106473.0,386100,109484600,12674600
2022-08-09,20.35634422302246,20.553478240966797,108651.0,22.1200008392334,37.22999954223633,108651.0,22.3799991607666,37.459999084472656,109331.0,21.6200008392334,36.849998474121094,107842.0,21.93000030517578,37.0099983215332,108403.0,989300,79051200,12147900
2022-08-10,20.69684600830078,20.48723030090332,110236.0,22.489999771118164,37.11000061035156,110236.0,22.639999389648438,37.650001525878906,110362.0,22.110000610351562,36.61000061035156,108657.0,22.190000534057617,37.650001525878906,108658.0,848500,78369600,13376200
2022-08-11,20.798072814941406,20.012451171875,109718.0,22.600000381469727,36.25,109718.0,22.860000610351562,37.86000061035156,111310.0,22.510000228881836,36.25,109604.0,22.510000228881836,37.45000076293945,110236.0,638700,128896500,14944800
2022-08-12,20.982128143310547,21.49857521057129,112764.0,22.799999237060547,31.709999084472656,112764.0,22.84000015258789,31.829999923706055,112764.0,22.56999969482422,29.079999923706055,109718.0,22.700000762939453,29.100000381469727,109718.0,490800,171288300,18704900
2022-08-15,21.166179656982422,21.505352020263672,113032.0,23.0,31.719999313354492,113032.0,23.149999618530273,32.22999954223633,113214.0,22.40999984741211,30.549999237060547,111067.0,22.75,30.8799991607666,112767.0,741300,96759000,15552900
2022-08-16,21.40544891357422,21.701967239379883,113512.0,23.260000228881836,32.0099983215332,113512.0,23.3700008392334,32.06999969482422,113626.0,22.760000228881836,31.5,112690.0,22.989999771118164,31.719999313354492,113034.0,442800,64218800,12986400
2022-08-17,21.469871520996094,22.210447311401367,113708.0,23.329999923706055,32.7599983215332,113708.0,23.43000030517578,32.81999969482422,114146.0,23.110000610351562,31.600000381469727,112483.0,23.1200008392334,31.649999618530273,113508.0,839500,72924700,14652800
2022-08-18,21.423856735229492,22.657909393310547,113813.0,23.280000686645508,33.41999816894531,113813.0,23.469999313354492,33.65999984741211,114375.0,23.200000762939453,32.869998931884766,113304.0,23.280000686645508,33.099998474121094,113708.0,466800,84552500,10644200
2022-08-19,21.168804168701172,21.51213264465332,111496.0,22.700000762939453,31.729999542236328,111496.0,22.959999084472656,33.150001525878906,113807.0,22.5,31.329999923706055,111146.0,22.920000076293945,32.91999816894531,113807.0,424200,125178200,12678600
2022-08-22,20.935670852661133,21.973155975341797,110501.0,22.450000762939453,32.40999984741211,110501.0,22.6200008392334,32.58000183105469,111487.0,22.219999313354492,30.479999542236328,109858.0,22.6200008392334,31.739999771118164,111487.0,325500,92400300,11010900
2022-08-23,20.935670852661133,22.67146873474121,112857.0,22.450000762939453,33.439998626708984,112857.0,22.610000610351562,33.5,112965.0,22.31999969482422,32.619998931884766,110503.0,22.440000534057617,32.630001068115234,110504.0,449300,73215800,11892000
2022-08-24,21.07554817199707,22.807065963745117,112898.0,22.600000381469727,33.63999938964844,112898.0,22.770000457763672,34.119998931884766,113888.0,22.3700008392334,33.25,112632.0,22.399999618530273,33.540000915527344,112856.0,702800,61067900,13758600
2022-08-25,21.262060165405273,22.562992095947266,113532.0,22.799999237060547,33.279998779296875,113532.0,22.920000076293945,34.36000061035156,114156.0,22.600000381469727,32.66999816894531,112768.0,22.600000381469727,34.099998474121094,112898.0,453100,99511600,11838500
2022-08-26,21.20611000061035,22.807065963745117,112299.0,22.739999771118164,33.63999938964844,112299.0,23.059999465942383,33.66999816894531,114091.0,22.6200008392334,32.56999969482422,111978.0,22.809999465942383,33.279998779296875,113533.0,251200,63545400,11159700
2022-08-29,21.103525161743164,23.376564025878906,112323.0,22.6299991607666,34.47999954223633,112323.0,22.760000228881836,35.08000183105469,113222.0,22.450000762939453,33.45000076293945,111689.0,22.56999969482422,33.54999923706055,112296.0,300700,73339500,9795800
2022-08-30,21.04757308959961,21.98671531677246,110431.0,22.56999969482422,32.43000030517578,110431.0,22.8700008392334,34.220001220703125,112869.0,22.5,32.27000045776367,110103.0,22.6200008392334,34.0,112323.0,262400,99361100,11937900
2022-08-31,20.646575927734375,22.529096603393555,109523.0,22.139999389648438,33.22999954223633,109523.0,22.75,33.439998626708984,111364.0,22.040000915527344,31.81999969482422,109523.0,22.59000015258789,32.06999969482422,110431.0,643600,114235400,14791100
2022-09-01,20.793712615966797,22.949438095092773,110405.0,22.280000686645508,33.849998474121094,110405.0,22.280000686645508,33.95000076293945,110405.0,21.81999969482422,32.7599983215332,108217.0,22.170000076293945,33.36000061035156,109524.0,588700,69184700,14478000
2022-09-02,21.092365264892578,22.657909393310547,110864.0,22.600000381469727,33.41999816894531,110864.0,22.829999923706055,34.56999969482422,112264.0,22.3799991607666,33.2599983215332,110409.0,22.389999389648438,34.439998626708984,110409.0,1033500,81792300,16691800
2022-09-05,21.316356658935547,22.603673934936523,112203.0,22.84000015258789,33.34000015258789,112203.0,23.059999465942383,34.11000061035156,112671.0,22.59000015258789,33.150001525878906,110865.0,22.649999618530273,33.849998474121094,110868.0,724600,76337600,9515500
2022-09-06,21.260358810424805,21.762985229492188,109764.0,22.780000686645508,32.099998474121094,109764.0,22.889999389648438,32.59000015258789,112203.0,22.530000686645508,31.510000228881836,109348.0,22.829999923706055,32.27000045776367,112203.0,367100,111813500,14296100
2022-09-08,21.176359176635742,21.55959129333496,109916.0,22.690000534057617,31.799999237060547,109916.0,22.889999389648438,32.779998779296875,110768.0,22.549999237060547,31.399999618530273,108619.0,22.889999389648438,32.310001373291016,109771.0,488400,63159800,13759500
2022-09-09,21.307016372680664,21.552814483642578,112300.0,22.829999923706055,31.790000915527344,112300.0,23.0,32.66999816894531,112540.0,22.68000030517578,31.700000762939453,109922.0,22.799999237060547,32.4900016784668,109922.0,515300,49871900,12155200
2022-09-12,21.475011825561523,21.342639923095703,113407.0,23.010000228881836,31.479999542236328,113407.0,23.239999771118164,32.72999954223633,114160.0,22.899999618530273,31.459999084472656,112305.0,22.969999313354492,32.150001525878906,112307.0,370300,71374500,11707100
2022-09-13,21.307016372680664,20.77992057800293,110794.0,22.829999923706055,30.649999618530273,110794.0,23.049999237060547,31.440000534057617,113400.0,22.700000762939453,30.520000457763672,110522.0,22.799999237060547,30.940000534057617,113398.0,357800,88327800,12612500
2022-09-14,21.16703224182129,21.098569869995117,110547.0,22.68000030517578,31.1200008392334,110547.0,22.809999465942383,31.43000030517578,111504.0,22.479999542236328,30.6299991607666,110118.0,22.760000228881836,30.75,110794.0,469100,49039700,11630900
2022-09-15,21.185693740844727,21.057889938354492,109954.0,22.700000762939453,31.059999465942383,109954.0,22.969999313354492,31.229999542236328,111100.0,22.540000915527344,30.799999237060547,109524.0,22.68000030517578,30.920000076293945,110547.0,915900,45553200,11622500
2022-09-16,21.13903045654297,20.868059158325195,109280.0,22.649999618530273,30.780000686645508,109280.0,22.700000762939453,30.950000762939453,109952.0,22.420000076293945,30.34000015258789,108489.0,22.549999237060547,30.860000610351562,109951.0,1145400,107303600,18843300
2022-09-19,21.736337661743164,21.200265884399414,111824.0,23.290000915527344,31.270000457763672,111824.0,23.450000762939453,31.3799991607666,111976.0,22.489999771118164,29.8799991607666,108508.0,22.530000686645508,30.5,109283.0,906500,65559900,12594800
2022-09-20,22.352310180664062,21.078229904174805,112517.0,23.950000762939453,31.09000015258789,112517.0,24.09000015258789,31.600000381469727,112544.0,23.239999771118164,30.84000015258789,111393.0,23.290000915527344,31.420000076293945,111824.0,1646900,67798200,12570300
2022-09-21,22.258975982666016,21.132469177246094,111936.0,23.850000381469727,31.170000076293945,111936.0,24.15999984741211,31.469999313354492,113294.0,23.729999542236328,30.889999389648438,111380.0,23.950000762939453,31.350000381469727,112517.0,583400,58812200,14726800
2022-09-22,22.604297637939453,21.654508590698242,114070.0,24.219999313354492,31.940000534057617,114070.0,24.3700008392334,32.08000183105469,114392.0,23.850000381469727,31.030000686645508,111819.0,24.0,31.479999542236328,111942.0,502300,69764300,15684400
2022-09-23,22.286975860595703,20.298559188842773,111716.0,23.8799991607666,29.940000534057617,111716.0,23.989999771118164,31.389999389648438,112457.0,23.59000015258789,29.770000457763672,110732.0,23.950000762939453,31.31999969482422,112258.0,545600,138630800,13542300
2022-09-26,21.72700309753418,19.85787582397461,109114.0,23.280000686645508,29.290000915527344,109114.0,23.84000015258789,30.079999923706055,111713.0,23.260000228881836,29.270000457763672,109022.0,23.84000015258789,29.719999313354492,111713.0,293100,42934600,13127000
2022-09-27,21.67100715637207,20.115507125854492,108376.0,23.219999313354492,29.670000076293945,108376.0,23.260000228881836,29.8799991607666,110161.0,23.06999969482422,29.579999923706055,108120.0,23.229999542236328,29.65999984741211,109122.0,628100,71087600,14517500
2022-09-28,21.559009552001953,19.844316482543945,108451.0,23.100000381469727,29.270000457763672,108451.0,23.479999542236328,29.81999969482422,108970.0,22.969999313354492,28.579999923706055,107914.0,23.219999313354492,29.670000076293945,108377.0,857400,104670700,13540500
2022-09-29,21.876325607299805,19.871435165405273,107664.0,23.440000534057617,29.309999465942383,107664.0,23.600000381469727,29.399999618530273,108449.0,23.0,28.600000381469727,106244.0,23.0,28.989999771118164,108449.0,1052300,87536500,14588500
2022-09-30,21.95099449157715,20.203641891479492,110037.0,23.520000457763672,29.799999237060547,110037.0,23.6200008392334,30.489999771118164,110502.0,23.299999237060547,29.0,107315.0,23.43000030517578,29.219999313354492,107664.0,752000,121637100,16536300
2022-10-03,23.116287231445312,21.817222595214844,116134.0,24.75,32.18000030517578,116134.0,24.860000610351562,32.63999938964844,116134.0,23.959999084472656,31.65999984741211,110048.0,23.989999771118164,31.90999984741211,110048.0,1443500,179694100,20982900
2022-10-04,23.247045516967773,21.268064498901367,116230.0,24.889999389648438,31.3700008392334,116230.0,25.15999984741211,32.97999954223633,118280.0,24.549999237060547,31.06999969482422,115837.0,24.809999465942383,32.900001525878906,116704.0,872100,115917200,16078700
2022-10-05,23.247045516967773,22.068073272705078,117198.0,24.889999389648438,32.54999923706055,117198.0,25.139999389648438,32.81999969482422,117514.0,24.709999084472656,31.200000762939453,115906.0,24.860000610351562,31.40999984741211,116231.0,338200,92893700,13555200
2022-10-06,22.966848373413086,22.82062339782715,117561.0,24.59000015258789,33.65999984741211,117561.0,24.899999618530273,33.790000915527344,118382.0,24.5,32.439998626708984,117144.0,24.799999237060547,33.0,117200.0,692000,82671900,14520500
2022-10-07,22.892127990722656,22.8002872467041,116375.0,24.510000228881836,33.630001068115234,116375.0,24.65999984741211,34.31999969482422,117960.0,24.1200008392334,33.220001220703125,115924.0,24.59000015258789,33.58000183105469,117560.0,577900,73500100,13616500
2022-10-10,22.62127113342285,22.54265594482422,115941.0,24.219999313354492,33.25,115941.0,24.559999465942383,33.88999938964844,116841.0,24.190000534057617,33.0,115261.0,24.459999084472656,33.650001525878906,116377.0,742000,52222600,11429900
2022-10-11,22.56523323059082,22.37316131591797,114827.0,24.15999984741211,33.0,114827.0,24.360000610351562,33.33000183105469,115928.0,24.100000381469727,32.61000061035156,114297.0,24.170000076293945,32.88999938964844,115928.0,680300,58332400,13137900
2022-10-13,22.406448364257812,23.01045799255371,114300.0,23.989999771118164,33.939998626708984,114300.0,24.360000610351562,34.4900016784668,115367.0,23.829999923706055,32.40999984741211,112690.0,23.920000076293945,32.5,114819.0,832600,91143900,14583700
2022-10-14,22.42513084411621,22.657909393310547,112072.0,24.010000228881836,33.41999816894531,112072.0,24.399999618530273,34.13999938964844,114712.0,23.920000076293945,33.29999923706055,111631.0,24.0,33.970001220703125,114301.0,470500,62246100,13096100
2022-10-17,22.555892944335938,22.6375732421875,113624.0,24.149999618530273,33.38999938964844,113624.0,24.440000534057617,34.150001525878906,114406.0,24.040000915527344,32.84000015258789,112090.0,24.100000381469727,33.2400016784668,112107.0,506100,100936400,11633000
2022-10-18,23.013547897338867,23.193510055541992,115743.0,24.639999389648438,34.209999084472656,115743.0,24.809999465942383,34.22999954223633,115795.0,24.200000762939453,33.15999984741211,113627.0,24.25,33.900001525878906,113627.0,1043600,82313200,14744200
2022-10-19,23.07892608642578,24.013858795166016,116274.0,24.709999084472656,35.41999816894531,116274.0,24.84000015258789,35.560001373291016,116459.0,24.579999923706055,34.02000045776367,115264.0,24.639999389648438,34.130001068115234,115744.0,812200,113700900,12729900
2022-10-20,23.45252799987793,24.72573471069336,117171.0,25.110000610351562,36.470001220703125,117171.0,25.219999313354492,36.54999923706055,117367.0,24.600000381469727,35.77000045776367,116276.0,24.700000762939453,36.099998474121094,116276.0,1129400,114347400,16915800
2022-10-21,24.13433265686035,25.573204040527344,119929.0,25.84000015258789,37.720001220703125,119929.0,26.040000915527344,38.38999938964844,120752.0,24.959999084472656,36.38999938964844,116736.0,25.049999237060547,36.45000076293945,117170.0,1305000,139601400,18579800
2022-10-24,23.349782943725586,23.220630645751953,116013.0,25.0,34.25,116013.0,25.670000076293945,36.81999969482422,119924.0,24.700000762939453,34.22999954223633,115793.0,25.530000686645508,36.5,119922.0,907400,142110900,13278800
2022-10-25,23.247045516967773,22.732486724853516,114626.0,24.889999389648438,33.529998779296875,114626.0,24.979999542236328,34.5,116203.0,24.6299991607666,33.209999084472656,114626.0,24.969999313354492,34.040000915527344,116016.0,713100,113161200,14727200
2022-10-26,22.826749801635742,22.17654800415039,112764.0,24.440000534057617,32.709999084472656,112764.0,24.690000534057617,33.529998779296875,114626.0,24.239999771118164,31.899999618530273,112577.0,24.690000534057617,32.599998474121094,114626.0,808600,121334800,16088200
2022-10-27,23.07892608642578,22.34604263305664,114641.0,24.709999084472656,32.959999084472656,114641.0,25.010000228881836,33.540000915527344,116236.0,24.40999984741211,32.66999816894531,112765.0,24.440000534057617,32.810001373291016,112766.0,789300,111008800,15530800
2022-10-28,23.16298484802246,22.08163070678711,114539.0,24.799999237060547,32.56999969482422,114539.0,24.920000076293945,33.119998931884766,114712.0,24.540000915527344,31.860000610351562,113336.0,24.639999389648438,32.70000076293945,114636.0,511300,129745400,14392400
2022-10-31,23.742063522338867,20.210424423217773,116037.0,25.420000076293945,29.809999465942383,116037.0,25.68000030517578,31.600000381469727,116763.0,24.440000534057617,29.15999984741211,112113.0,24.649999618530273,30.610000610351562,114533.0,1402400,262409400,21637900
2022-11-01,23.61836051940918,20.244319915771484,116929.0,25.270000457763672,29.860000610351562,116929.0,25.770000457763672,30.670000076293945,118261.0,25.18000030517578,29.559999465942383,115547.0,25.399999618530273,30.56999969482422,116037.0,1156800,115944200,17969700
2022-11-03,23.70248031616211,20.305339813232422,116896.0,25.360000610351562,29.950000762939453,116896.0,25.43000030517578,30.389999389648438,117373.0,24.709999084472656,29.440000534057617,114485.0,24.940000534057617,29.799999237060547,116927.0,886400,139062100,15634600
2022-11-04,23.76790428161621,19.18667984008789,118155.0,25.43000030517578,28.299999237060547,118155.0,25.8700008392334,30.899999618530273,120039.0,25.360000610351562,28.18000030517578,116904.0,25.520000457763672,30.799999237060547,116907.0,611500,195361000,16209500
2022-11-07,23.319276809692383,18.40700912475586,115342.0,24.950000762939453,27.149999618530273,115342.0,25.469999313354492,28.299999237060547,118240.0,24.719999313354492,27.06999969482422,115266.0,25.420000076293945,27.959999084472656,118148.0,1120500,117206600,15221900
2022-11-08,23.29123878479004,18.542604446411133,116160.0,24.920000076293945,27.350000381469727,116160.0,24.969999313354492,27.530000686645508,117072.0,24.520000457763672,26.75,114688.0,24.84000015258789,27.059999465942383,115340.0,784100,94745400,14239800
2022-11-09,22.104244232177734,18.237516403198242,113580.0,23.649999618530273,26.899999618530273,113580.0,24.530000686645508,27.950000762939453,116183.0,23.56999969482422,26.639999389648438,113110.0,24.110000610351562,27.149999618530273,116153.0,1570600,103303500,20531600
2022-11-10,21.842544555664062,17.708696365356445,109775.0,23.3700008392334,26.1200008392334,109775.0,23.639999389648438,26.889999389648438,113579.0,22.8799991607666,25.610000610351562,108516.0,23.639999389648438,26.079999923706055,113579.0,1468400,145470100,26029300
2022-11-11,21.403263092041016,18.298532485961914,112253.0,22.899999618530273,26.989999771118164,112253.0,23.8700008392334,27.360000610351562,113010.0,22.700000762939453,25.700000762939453,109408.0,23.399999618530273,25.799999237060547,109775.0,1209500,146365800,25038700
2022-11-14,21.403263092041016,18.779895782470703,113161.0,22.899999618530273,27.700000762939453,113161.0,23.139999389648438,28.18000030517578,114322.0,22.559999465942383,27.09000015258789,111930.0,22.90999984741211,27.260000228881836,112256.0,945000,66639500,15080400
2022-11-16,21.12287139892578,18.40700912475586,110243.0,22.600000381469727,27.149999618530273,110243.0,22.920000076293945,28.110000610351562,113473.0,22.459999084472656,26.93000030517578,109512.0,22.889999389648438,27.809999465942383,113166.0,1178600,85549900,18351000
2022-11-17,21.150909423828125,18.41379165649414,109703.0,22.6299991607666,27.15999984741211,109703.0,22.690000534057617,27.299999237060547,110242.0,22.170000076293945,26.549999237060547,107245.0,22.260000228881836,27.0,110241.0,1069100,101525800,23119600
2022-11-18,21.328493118286133,18.10192108154297,108880.0,22.81999969482422,26.700000762939453,108880.0,23.219999313354492,27.600000381469727,111585.0,22.65999984741211,26.219999313354492,108512.0,22.90999984741211,27.399999618530273,109706.0,520700,127683500,18769100
2022-11-21,21.216337203979492,18.156160354614258,109748.0,22.700000762939453,26.780000686645508,109748.0,23.190000534057617,27.56999969482422,110235.0,22.56999969482422,26.049999237060547,107957.0,22.899999618530273,27.1200008392334,108868.0,765700,164898100,16651600
2022-11-22,21.048099517822266,18.07781982421875,109037.0,22.520000457763672,23.329999923706055,109037.0,23.020000457763672,23.43000030517578,110224.0,22.3799991607666,22.299999237060547,107867.0,22.780000686645508,23.0,109750.0,1134200,164261300,15056500
2022-11-23,20.851825714111328,18.16305923461914,108683.0,22.309999465942383,23.440000534057617,108683.0,22.43000030517578,23.649999618530273,109285.0,22.139999389648438,22.799999237060547,107902.0,22.43000030517578,23.0,109036.0,785000,77317300,13198400
2022-11-24,21.347187042236328,18.79070281982422,111831.0,22.84000015258789,24.25,111831.0,23.110000610351562,24.6299991607666,112612.0,22.360000610351562,23.25,108846.0,22.450000762939453,23.520000457763672,108846.0,479600,94233800,10296900
2022-11-25,20.898561477661133,18.48850440979004,108977.0,22.360000610351562,23.860000610351562,108977.0,22.920000076293945,24.329999923706055,112025.0,22.239999771118164,23.600000381469727,108552.0,22.899999618530273,24.260000228881836,111831.0,727100,58635900,12309100
2022-11-28,20.655550003051758,18.87594223022461,108782.0,22.100000381469727,24.360000610351562,108782.0,22.479999542236328,24.549999237060547,109476.0,21.950000762939453,23.540000915527344,108378.0,22.360000610351562,23.649999618530273,108977.0,857600,56067400,11492600
2022-11-29,20.74901580810547,19.666311264038086,110910.0,22.200000762939453,25.3799991607666,110910.0,22.5,25.8799991607666,112187.0,21.600000381469727,24.479999542236328,108784.0,22.190000534057617,24.600000381469727,108784.0,1156500,96151500,14721700
2022-11-30,21.048099517822266,20.658153533935547,112486.0,22.520000457763672,26.65999984741211,112486.0,22.520000457763672,26.65999984741211,112486.0,22.040000915527344,25.5,110202.0,22.229999542236328,25.600000381469727,110910.0,861800,120774700,19703200
2022-12-01,21.03655242919922,19.829036712646484,110926.0,22.489999771118164,25.59000015258789,110926.0,22.610000610351562,26.790000915527344,112479.0,22.239999771118164,25.559999465942383,110548.0,22.31999969482422,26.579999923706055,112479.0,686700,71259400,15193700
2022-12-02,21.11138153076172,20.076995849609375,111924.0,22.56999969482422,25.90999984741211,111924.0,22.90999984741211,26.450000762939453,113761.0,22.15999984741211,25.309999465942383,109963.0,22.520000457763672,25.690000534057617,110926.0,730300,66301000,15982000
2022-12-05,20.727880477905273,19.85228157043457,109401.0,22.15999984741211,25.6200008392334,109401.0,22.520000457763672,26.579999923706055,112150.0,22.040000915527344,25.549999237060547,109270.0,22.510000228881836,26.0,111922.0,876000,56065400,12308400
2022-12-06,20.91495132446289,19.867780685424805,109533.0,22.360000610351562,25.639999389648438,109533.0,22.440000534057617,26.389999389648438,110663.0,22.030000686645508,25.420000076293945,109217.0,22.15999984741211,25.81999969482422,109403.0,838500,74991200,13437500
2022-12-07,20.943008422851562,19.643064498901367,109361.0,22.389999389648438,25.350000381469727,109361.0,22.6200008392334,26.06999969482422,110247.0,22.260000228881836,25.270000457763672,108612.0,22.31999969482422,25.34000015258789,110188.0,528900,57008400,13825300
2022-12-08,20.260189056396484,19.201387405395508,107245.0,21.65999984741211,24.780000686645508,107245.0,22.34000015258789,25.790000915527344,109286.0,21.579999923706055,24.639999389648438,106906.0,22.309999465942383,25.549999237060547,109068.0,1622500,55567700,14921000
2022-12-09,20.11301040649414,19.147144317626953,107689.0,21.020000457763672,24.709999084472656,107689.0,21.3799991607666,25.049999237060547,108566.0,21.010000228881836,24.489999771118164,107089.0,21.3799991607666,24.989999771118164,107250.0,731400,61586200,10676300
2022-12-12,19.825944900512695,18.527246475219727,105264.0,20.719999313354492,23.90999984741211,105264.0,21.110000610351562,24.65999984741211,107561.0,20.40999984741211,23.1299991607666,103877.0,20.940000534057617,24.579999923706055,107518.0,1534400,111293100,15481900
2022-12-13,19.223134994506836,18.070070266723633,103892.0,20.09000015258789,23.31999969482422,103892.0,20.8700008392334,24.200000762939453,106689.0,20.0,23.309999465942383,103409.0,20.799999237060547,24.100000381469727,105345.0,1338900,102533100,17702200
2022-12-14,19.424070358276367,16.636550903320312,103803.0,20.299999237060547,21.469999313354492,103803.0,20.459999084472656,22.600000381469727,104516.0,19.68000030517578,20.770000457763672,101632.0,19.959999084472656,22.5,103536.0,1607700,319501600,24923500
2022-12-15,19.577171325683594,17.078231811523438,103738.0,20.459999084472656,22.040000915527344,103738.0,20.700000762939453,22.3700008392334,105483.0,19.90999984741211,20.829999923706055,103014.0,20.18000030517578,21.0,103739.0,902700,132385600,15568200
2022-12-16,19.644147872924805,17.085979461669922,102825.0,20.530000686645508,22.049999237060547,102825.0,20.670000076293945,22.110000610351562,104018.0,20.3700008392334,21.510000228881836,102248.0,20.440000534057617,21.959999084472656,103737.0,1145100,90767300,18255000
2022-12-19,19.950342178344727,17.34168815612793,104530.0,20.850000381469727,22.3799991607666,104530.0,20.969999313354492,22.510000228881836,105107.0,20.469999313354492,21.639999389648438,102770.0,20.610000610351562,22.100000381469727,102859.0,962900,63074100,16773400
2022-12-20,20.400062561035156,17.876352310180664,106979.0,21.31999969482422,23.06999969482422,106979.0,21.59000015258789,23.239999771118164,107792.0,20.81999969482422,22.209999084472656,104607.0,20.81999969482422,22.389999389648438,104740.0,973900,71875500,19125600
2022-12-21,20.581863403320312,18.2637882232666,107313.0,21.510000228881836,23.56999969482422,107313.0,21.600000381469727,23.719999313354492,107991.0,21.209999084472656,22.850000381469727,106066.0,21.3799991607666,23.5,106866.0,696000,74252800,17634900
2022-12-22,20.63927459716797,18.589235305786133,107317.0,21.56999969482422,23.989999771118164,107317.0,21.709999084472656,24.559999465942383,108383.0,21.299999237060547,23.700000762939453,106510.0,21.559999465942383,23.899999618530273,107436.0,692500,81894800,11494600
2022-12-23,20.916757583618164,19.464845657348633,109698.0,21.860000610351562,25.1200008392334,109698.0,22.06999969482422,25.219999313354492,109994.0,21.520000457763672,24.1299991607666,107552.0,21.56999969482422,24.1299991607666,107552.0,623700,68387900,12847100
2022-12-26,20.648839950561523,19.325368881225586,108738.0,21.579999923706055,24.940000534057617,108738.0,21.84000015258789,25.299999237060547,109755.0,21.3799991607666,24.81999969482422,108309.0,21.84000015258789,25.1200008392334,109699.0,149600,28765200,5219500
2022-12-27,20.457473754882812,19.457096099853516,108347.0,21.3799991607666,25.110000610351562,108347.0,21.649999618530273,25.309999465942383,109353.0,21.200000762939453,24.549999237060547,107418.0,21.649999618530273,25.25,108739.0,863300,50803200,11158100
2022-12-28,20.98373794555664,19.216886520385742,110237.0,21.93000030517578,24.799999237060547,110237.0,22.020000457763672,25.31999969482422,110536.0,21.3799991607666,24.75,108578.0,21.479999542236328,25.100000381469727,108578.0,594000,57293500,11193900
2022-12-29,20.945465087890625,18.984424591064453,110031.0,21.889999389648438,24.5,110031.0,22.219999313354492,25.049999237060547,111178.0,21.889999389648438,24.43000030517578,109560.0,22.0,24.989999771118164,110237.0,1321900,57901800,13389100
